{"features": ["date", "accident_DERAIL", "accident_LVLCROS", "accident_OTH", "accident_RSTK_FIRE", "accident_RSTK_MOT", "accident_TOTAL", "accident_UNK", "geography_BE", "geography_BG", "geography_CH", "geography_CZ", "geography_DE", "geography_DK", "geography_EE", "geography_EL", "geography_ES", "geography_EU27_2007", "geography_EU27_2020", "geography_EU28", "geography_FI", "geography_FR", "geography_HR", "geography_HU", "geography_IE", "geography_IT", "geography_LI", "geography_LT", "geography_LU", "geography_LV", "geography_ME", "geography_MK", "geography_NL", "geography_NO", "geography_PL", "geography_PT", "geography_RO", "geography_SE", "geography_SI", "geography_SK", "geography_TR", "geography_UK"], "coef": [-7.305104117511233, 26.095051036595805, 86.53838656565304, 26.763517200380388, -10.595116861521317, 159.6803180178718, 336.26965905991864, -11.513877903934375, -7.232654706154064, 1.8201895238558916, 4.738859656056436, 13.257323570887493, 117.35236464592295, -4.659594634512184, -8.989028528556888, -5.015592032402708, -2.449037704588499, 758.8450571370448, 753.0180906843564, 702.0904423067425, -12.643200275054651, 22.610688302875094, 2.4221196093729627, 45.879940637007984, -15.525513479284848, 7.464363263223913, -34.44489431316162, 1.4564998255191024, -23.48409168984758, -8.570287258654316, 22.37123010716165, 26.997590794654233, 0.13539061432530564, -11.19990631482522, 146.02461532398425, -6.4551317859424415, 43.8657501466845, -1.7901656208247232, -8.333488471452569, 35.142533639734914, 50.046452818262594, 2.1523945207704145], "intercept": 14622.307399008572, "encoding": {"drop_first": true}}